Fund Name,P1,P2,P3,P4,P5,Topsis Score,Rank
M1,0.81,0.66,5.9,44.6,12.99,0.5334537830879539,4
M2,0.63,0.4,3.2,32.3,9.13,0.0,8
M3,0.94,0.88,5.9,48.5,14.06,0.7072882065024937,1
M4,0.73,0.53,4.1,60.4,16.44,0.5223213971552556,5
M5,0.78,0.61,6.1,50.7,14.55,0.5771896819140998,2
M6,0.69,0.48,4.2,49.5,13.72,0.3642437676465275,7
M7,0.86,0.74,6.0,32.8,10.1,0.47259760066721945,6
M8,0.67,0.45,5.5,66.2,18.21,0.5694109071056569,3
